<?xml version="1.0" encoding="UTF-8" standalone="yes"?>
<addon id="repository.n3rd"
		name="N3rd Repository"
		version="1.0.0"
		provider-name="Quihico">
	<extension point="xbmc.addon.repository"
		name="Nerd Repository">
		<dir>
			<info compressed="false">https://github.com/Quihico/repository.n3rd/raw/master/n3rd-addons.xml</info>
			<checksum>https://github.com/Quihico/repository.n3rd/raw/master/n3rd-addons.xml.md5</checksum>
			<datadir zip="true">https://raw.github.com/Quihico/repository.n3rd/master/zips/</datadir>
		</dir>
	</extension>
	<extension point="xbmc.addon.metadata">
		<summary lang="en">N3rd Add-on Repository</summary>
		<summary lang="nl">N3rd Addon Repository</summary>
		<description lang="en"></description>
		<description lang="nl"></description>
		<disclaimer lang="en"></disclaimer>
		<disclaimer lang="nl"></disclaimer>
		<platform>all</platform>
	</extension>
</addon>